date,artist,title,YT link
2023-04-28,Pajujo,Zielony Rower Dziadka,https://youtu.be/jqmzgh_HNZw
2023-04-29,Kuba Blokesz,"Cieszę się, że jestem",https://youtu.be/UajMuw6pESA
2023-04-30,MC Silk,Rap Retrospekcje,https://youtu.be/bZkGwb7pUG0
2023-05-01,Plagiat199,Obłęd,https://youtu.be/r_7mJExKHkc
2023-05-02,Koniec Świata,Oranżada,https://youtu.be/gjbLUxHNWdU
2023-05-03,Gooral x Paprodziad,Introspektrum,https://youtu.be/V11efiHwzdA
2023-05-04,Robert Kasprzycki,Niebo do wynajęcia,https://youtu.be/3Lzz2LkwqG0
2023-05-05,Pezet,Magenta,https://youtu.be/Cb-gaZHYoLs
2023-05-06,Hunter,Pomiędzy niebem a piekłem,https://youtu.be/4vJCb3jfR4U
2023-05-07,Big Cyc,Moherowe berety,https://youtu.be/e2uOrxD8t3A
2023-05-08,Agata Grześkiewicz,Nienawidzę poniedziałków,https://youtu.be/f1tgSIHxfpo
2023-05-09,Coma,Angela,https://youtu.be/Xgs5BIu8HUs
2023-05-10,Szad Akrobata,W poczekalni,https://youtu.be/oBMmS2GNeTM
2023-05-11,Łzy,Narcyz się nazwam,https://youtu.be/o2T3cDoa3jQ
2023-05-12,ShataQS,Przywrócenie,https://youtu.be/JpB6I9wF1rI
2023-05-13,Republika,Mamona,https://youtu.be/-R7qqsT6-T8
2023-05-14,Poparzeni kawą trzy,Kawałek do tańca,https://youtu.be/BpS6xNrnMVc
2023-05-15,Zeus,"Muzyka, miłość, przyjaźń",https://youtu.be/epSgIutoTi0
2023-05-16,Enej,Rahela,https://youtu.be/14f9GrAHnUU
2023-05-17,Dr Misio,Młodzi,https://youtu.be/7vnqnrOuTOs
2023-05-18,Happysad,Hymn 78,https://youtu.be/IKoIF3MeBIQ
2023-05-19,Tabasko,Dzieci kwiaty,https://youtu.be/BDb0l7JE2WY
2023-05-20,Star Guard Muffin,SGM United,https://youtu.be/KiuqbbAWZI4
2023-05-21,The Cuts,Anastazja,https://youtu.be/cOXZuobuOIo
2023-05-22,Elektryczne gitary,Co Ty Tutaj Robisz,https://youtu.be/ZkdvU7nPM5Q
2023-05-23,Molesta & Jamal,Tak miało być,https://youtu.be/y6gta7eQIa8
2023-05-24,Akurat,Pa pa pa,https://youtu.be/9-3fwWIlQuY
2023-05-25,Hesik & Cezet,Sampling,https://youtu.be/MVkcg-TheD8
2023-05-26,Goya ,Mój,https://youtu.be/orw_Kl5QTd0
2023-05-27,Tilt,"Mówię ci, że...",https://youtu.be/8jUmvXlzOmM
2023-05-28,Roszak Show,Na mie je kolej,https://youtu.be/qCdvLFX0xxI
2023-05-29,Fismol,Na co ci to było,https://youtu.be/v_47nd8e1oE
2023-05-30,Łydka Grubasa,Rapapara,https://youtu.be/KfUDsnSpesc
2023-05-31,VavaMuffin,To on,https://youtu.be/t9vqdh_qX_4
2023-06-01,Sanah,Rozwijając Rilkiego,https://youtu.be/HJ2BQaJhRag
2023-06-02,Skaner,Lody na patyku,https://youtu.be/FmjFgt_ggAw
2023-06-03,Eldo,Pożycz mi płuca,https://youtu.be/5YMRj3L8jfM
2023-06-04,Marek Grechuta,W dzikie wino zaplątani,https://youtu.be/LzTxRupQQjE
2023-06-05,Pidżama Porno ,Wódka,https://youtu.be/UALhU1WwWFc
2023-06-06,Slums Attack & O.S.T.R. & Jeru the Damaja,Oddałbym,https://youtu.be/qTZiORJ1ST0
2023-06-07,Kasia Kowalska,Filiżanka Prawdy,https://youtu.be/TqMbWTy-o9s
2023-06-08,Peja & Glaca & Ana Herrero,Pozwól mi żyć (Są chwile),https://youtu.be/Qk4bBJKLyHU
2023-06-09,Grupa Operacyjna,Nie będzie niczego,https://youtu.be/0qHYcCDr5UI
2023-06-10,Farben Lehre,Matura 2000,https://youtu.be/9rjn0vvcIGg
2023-06-11,Aron / Bogdan Cabaj,Piosenka o komarze,https://youtu.be/cmYy7REexxw
2023-06-12,Ewelina Lisowska,Aero-Plan II,https://youtu.be/IUhGAX3iXFc
2023-06-13,Rafał Nalazek,Głos rozsądku,https://youtu.be/HptkEzm7Lls
2023-06-14,Jacuś,Gucci Trip,https://youtu.be/-3c9dZBeBhk
2023-06-15,Mery Spolsky,Bigotka,https://youtu.be/U3HS5EKRrUE
2023-06-16,Słoń,Puzzle,https://youtu.be/RwsVXhVbTv0
2023-06-17,Kwiat Jabłoni,Dziś późno pójdę spać,https://youtu.be/FWDXwrgdm9w
2023-06-18,Plagiat199,Mamo,https://youtu.be/PBdKJAnQamU
2023-06-19,QBIK,Chwilo trwaj,https://youtu.be/5zCoo77r58k
2023-06-20,Rokiczanka,W moim ogródecku,https://youtu.be/hp4endJMu1E
2023-06-21,Pablopavo i Ludziki,Stój głuptasie,https://youtu.be/FlBlVTCCrLs
2023-06-22,Roomieńce,Fortepian,https://youtu.be/FRXLYl1S5Rs
2023-06-23,Eldo,Powinnaś?,https://youtu.be/mOHrB0d5w_4
2023-06-24,Luxtorpeda,Wilki dwa,https://youtu.be/pHyu1yH1kgs
2023-06-25,Sokół,Chcemy być wyżej,https://youtu.be/W22shY3A0Sk
2023-06-26,Happysad,Zanim pójdę,https://youtu.be/iv9Z0dnjMzE
2023-06-27,Łąki Łan,Pola Ar,https://youtu.be/-fGoW73hLLg
2023-06-28,Arka Noego,Ta piosenka jest dla Mamy,https://youtu.be/pamULWD7hzY
2023-06-29,Fenomen,Dlaczego tak?,https://youtu.be/gY51DsLv1HU
2023-06-30,Blenders,"Czuję, że ja muszę",https://youtu.be/K0Bwx_VCqfs
2023-07-01,ShataQS,Muzyka Biznesem,https://youtu.be/T7OCt14ROkE
2023-07-02,Pezet,Refleksje,https://youtu.be/r8jnaZ940d8
2023-07-03,Kasia Kowalska,Domek z kart,https://youtu.be/s7YVjShFX3s
2023-07-04,Czerwone Gitary,Kwiaty we włosach,https://youtu.be/FfXZRqQHNPI
2023-07-05,Kękę x Małpa x HuczuHucz,"Nic, Naprawdę Nic",https://youtu.be/tEvUnlzpcE8
2023-07-06,Ira,Reality,https://youtu.be/vI90HnofH5o
2023-07-07,Kuba Blokesz,A my tutaj,https://youtu.be/ivEGzxkayLI
2023-07-08,Slums Attack,Musisz przetrwać,https://youtu.be/d4r1V9lzVts
2023-07-09,Obywatel G.C.,Tak tak to ja,https://youtu.be/dotUlF0a3Zs
2023-07-10,Agata Grześkiewicz,Chyba byłoby mi źle,https://youtu.be/6Ftrkb5WJLA
2023-07-11,"Hans Solo, Peja, Samer",Tabata,https://youtu.be/Y6OSh4n6CZI
2023-07-12,Pidżama Porno ,Twoja generacja,https://youtu.be/io0LgE7fQ6k
2023-07-13,Koniec Świata,Z własnej woli,https://youtu.be/rHCMZ0Tf7ws
2023-07-14,Zeus & Chiko,WPS,https://youtu.be/sdreFHWpXoA
2023-07-15,Ewa Farna,Cicho,https://youtu.be/IvsqIr0_cCQ
2023-07-16,Coma,Skaczemy,https://youtu.be/glxUr3QBqEs
2023-07-17,O.N.A.,Najtrudniej,https://youtu.be/wLJqrcUK3l4
2023-07-18,Onar & Lerek,Weż to poczuj,https://youtu.be/_e4Fab3Ld6A
2023-07-19,Hunter,Kiedy umieram,https://youtu.be/515nZ-sfhBI
2023-07-20,Elektryczne gitary,Ona jest pedałem,https://youtu.be/tC5vie59hec
2023-07-21,Fenomen,Marzenia,https://youtu.be/lY-beWLD8WU
2023-07-22,Chłopcy z Placu Broni,Kocham wolność,https://youtu.be/nYMiNuJJyYM
2023-07-23,Igoronco,Szukam,https://youtu.be/G7UTylpxfNQ
2023-07-24,Marek Grechuta,Nie dokazuj,https://youtu.be/fOULwRpDAeA
2023-07-25,Chilli,Śmigło,https://youtu.be/dTVpLKQplKY
2023-07-26,Słoń & Mixer,Ania,https://youtu.be/-h-AfsmfJ9o
2023-07-27,Alicja Janosz,Oddycham,https://youtu.be/xJhvDUVqWK4
2023-07-28,T.Love,Gnijący Świat,https://youtu.be/4VeIWEN18P0
2023-07-29,K2 & Buka,1 moment,https://youtu.be/RjzujFoWxY8
2023-07-30,Łydka Grubasa,Wydój mnie,https://youtu.be/SiI18mKmjJk
2023-07-31,Robert Kasprzycki,Naprawdę kocham deszcz,https://youtu.be/-yW4YzzEX9s
2023-08-01,Chada,Żyć aż do bólu,https://youtu.be/s35kfWoHDhM
2023-08-02,Akurat,Hahahaczyk,https://youtu.be/oZG2ghBIbvM
2023-08-03,Queen Margot,Nic Do Powiedzenia,https://youtu.be/y726EgQa9N0
2023-08-04,Ania Sool & WSZ & CNE,Pierwiastek,https://youtu.be/120_FF-WQOk
2023-08-05,Ga-Ga Zielone Żabki,Obudźcie się,https://youtu.be/4q55TVbR7Ms
2023-08-06,Paluch,Bez strachu,https://youtu.be/qQmOK1ap0Lk
2023-08-07,Koniec Świata,Dziewczyna z naprzeciwka,https://youtu.be/IkHQ35riv2c
2023-08-08,Szajka Cezika,Biała flaga,https://youtu.be/mfo-Ztt-moY
2023-08-09,Pork Pores Porkinson,Musimy iść,https://youtu.be/lILr-zDi58M
2023-08-10,Dzioło,Zamyślone Głowy,https://youtu.be/0r7xEf-zVQU
2023-08-11,Power of Trinity,Chodź ze mną,https://youtu.be/0do4WCk8Ye8
2023-08-12,Jeden Osiem L,Jak Zapomnieć,https://youtu.be/qvv7t8Y0iWk
2023-08-13,Dżem,Do Kołyski,https://youtu.be/vdZUK85318w
2023-08-14,Poparzeni Kawą Trzy,Ciągoty,https://youtu.be/LdfzcCnW5vg
2023-08-15,SDNS,Stawiam na to,https://youtu.be/7Fyv82Ojtm4
2023-08-16,Rewizja,Bomba,https://youtu.be/Ma_tzFQxmY4
2023-08-17,Zbigniew Hołdys,Kuba,https://youtu.be/PzGBlKcATnI
2023-08-18,Zeus & Justyna Kuśmierczyk,Brzeg,https://youtu.be/J7avvxhHPc8
2023-08-19,Coma,Spadam,https://youtu.be/JmKLT59cTIc
2023-08-20,Indios Bravos,Małpa,https://youtu.be/cPdhRUtdivA
2023-08-21,Krzysztof Krawczyk,Bo jestes ty,https://youtu.be/KOY_05KwJYk
2023-08-22,O.S.T.R. & Sacha Vee,Spowiedź,https://youtu.be/kHJGrGc6TdI
2023-08-23,Zabili Mi Żółwia,Starzec,https://youtu.be/XIPVldrqEe8
2023-08-24,Baciary,Hej Kawalerowie,https://youtu.be/BHupvgeL6kE
2023-08-25,Happysad,"Jeszcze, jeszcze",https://youtu.be/VLZ4z3H-Thk
2023-08-26,Grupa Operacyjna,Każdy na coś czeka,https://youtu.be/bxaAsbtM6OA
2023-08-27,Lady Pank,Zostawcie Titanica,https://youtu.be/wEEEknecLA4
2023-08-28,Fabijański & Marika,Szlagier,https://youtu.be/FwS5XwcJuaY
2023-08-29,Łydka Grubasa,Żyd,https://youtu.be/9qw5jz8jfhA
2023-08-30,Kaliber 44,Plus I minus,https://youtu.be/mC5zxnK5QRg
2023-08-31,Farben Lehre,Spodnie z GS-u,https://youtu.be/g3g7BXEoz7o
2023-09-01,Mery Spolsky,Wrzesień,https://youtu.be/cbE0km7xJ3A
2023-09-02,Chonabibe,Szczerze Mówiąc,https://youtu.be/rbl8_nLasto
2023-09-03,Arka Noego,GPS,https://youtu.be/GnaXSg11rFM
2023-09-04,Akurat,Lubię Mówić Z Tobą,https://youtu.be/BwBG_H5oYos
2023-09-05,Pezet,Supergirl,https://youtu.be/aCT9VST86ZI
2023-09-06,Iza Królak,Jeszcze jestem,https://youtu.be/qd7LLO_AAig
2023-09-07,Big Cyc,Makumba,https://youtu.be/EAexp0w3H3c
2023-09-08,Poeci Upadłego Pokolenia,Osiedle,https://youtu.be/ucc_z_qacRA
2023-09-09,Coma,Transfuzja,https://youtu.be/_MWIiWsKROA
2023-09-10,Kasia Kowalska,Prowadź mnie,https://youtu.be/03nH7AmuNQU
2023-09-11,Mleko,Kto dogoni psa,https://youtu.be/WkiYl-QcWr8
2023-09-12,ShataQS,Buduję dom,https://youtu.be/GX_PdeARceg
2023-09-13,GrubSon,Przestań się bać,https://youtu.be/mpjKneNAdsA
2023-09-14,Łzy,"Annka, ot tak",https://youtu.be/jnRArp75j4c
2023-09-15,T.Love,Nie nie nie,https://youtu.be/6_oPjyy6pMg
2023-09-16,Zeus,Okna na zachód,https://youtu.be/7Lu1l6sFlLI
2023-09-17,Daria Zawiałow,Malinowy chruśniak,https://youtu.be/ut_igW6OOtE
2023-09-18,Koniec Świata,Granat w plecaku,https://youtu.be/sXrlD9a5AWM
2023-09-19,Paktofonika,Jestem bogiem,https://youtu.be/cq2paBCLSSc
2023-09-20,Hunter,NieRaj,https://youtu.be/zpyUDDLQEEQ
2023-09-21,Bajm,O Tobie,https://youtu.be/L9JMRGqNQvM
2023-09-22,Slums Attack,Głucha Noc,https://youtu.be/1hIK1ObpeF8
2023-09-23,Pidżama Porno ,Bułgarskie centrum hu***y,https://youtu.be/Vy9F9zn7FGU
2023-09-24,Słoń,Szczerze,https://youtu.be/v3cpguutW8U
2023-09-25,Star Guard Muffin,Pamiętaj,https://youtu.be/ZeEWxBNKn6c
2023-09-26,Trzeci wymiar,Skamieniali,https://youtu.be/uju7zWYIXMM
2023-09-27,Jula,Za każdym razem,https://youtu.be/uxo4D3K4988
2023-09-28,Kult,Mars napada,https://youtu.be/kAX60o17blg
2023-09-29,WWO feat Soundkail & Fu,Nie bój się zmiany na lepsze,https://youtu.be/Q-lX5ZOpA-k
2023-09-30,Farben Lehre,Jestem,https://youtu.be/o0Y0XTAPX1A
2023-10-01,Elektryczne gitary,Dzieci wybiegły,https://youtu.be/q4EM1jSg92k
2023-10-02,DKA,Jakby to było,https://youtu.be/3j0bcHT3OTc
2023-10-03,Enej,Ulice,https://youtu.be/xjjOYT32ybQ
2023-10-04,Krzysztof Zalewski,Znikam,https://youtu.be/wLVb6iIghBk
2023-10-05,Hans Solo,Sam,https://youtu.be/oPBXVFfWiNQ
2023-10-06,Hey,Moja i Twoja Nadzieja,https://youtu.be/Z83C8NKry9Q
2023-10-07,Kopruch,Po Prostu Bądź,https://youtu.be/ZacA1bZlsCs
2023-10-08,Robert Kasprzycki,Tylko ty I ja,https://youtu.be/2SAm9A4xPqg
2023-10-09,Daro,Góry,https://youtu.be/Fuz1SxqtxGg
2023-10-10,De Su,Życie cudem jest,https://youtu.be/3LHBg5rgiI4
2023-10-11,Tabasko,Zachłanność,https://youtu.be/r1gmx724UHY
2023-10-12,Marika,Moje serce,https://youtu.be/LPDKq5uO7NU
2023-10-13,Fenomen,Ludzie przeciwko ludziom,https://youtu.be/2O56teHeySE
2023-10-14,Sanah,Nic dwa razy,https://youtu.be/rR001X7JQy8
2023-10-15,Misia Furtak,Mózg,https://youtu.be/qpfucrnXpo4
2023-10-16,Mezo & Lajner & Owal,Pełen pokus,https://youtu.be/iFNQFhHiY84
2023-10-17,Republika,Śmierć na pięć,https://youtu.be/EhI3JDZ1ApE
2023-10-18,Tabu,Jak dobrze Cię widzieć,https://youtu.be/pJfytQEqJ9Q
2023-10-19,Mr Zoob,Mój jest ten kawałek podłogi,https://youtu.be/lqbFWLKjlP4
2023-10-20,Chonabibe,Z Muzyką Być,https://youtu.be/JHpSc8OPlkw
2023-10-21,Plagiat199,Biały kaftanik,https://youtu.be/fCzDfPRjLkM
2023-10-22,O.S.T.R.,Kochana Polsko,https://youtu.be/lpRlEFZ85fY
2023-10-23,Mery Spolsky,Sorry From The Mountain,https://youtu.be/nIvUnPvPkpk
2023-10-24,Zeus,Hipotermia,https://youtu.be/16K6H9b7GDc
2023-10-25,Koniec Świata,Serce w Paryżu,https://youtu.be/5ag9MWsuWtg
2023-10-26,Slums Attack & Kroolik Underwood,Samotność po zmroku,https://youtu.be/Hd7fTrnn64c
2023-10-27,Pidżama Porno ,Egzystencjalny paw,https://youtu.be/-KZTvTDETHs
2023-10-28,"Dedis ft. Nizioł, TPS, Vin Vinci",Przyjaciele,https://youtu.be/Vxf2TYSXCyY
2023-10-29,Akurat,Fantasmagorie,https://youtu.be/ym5AQ5DfuU4
2023-10-30,Funky Filon & Kaja Paschalska,Mała chinka,https://youtu.be/6G2OhwIUaM0
2023-10-31,Ich Troje,Walizka,https://youtu.be/zXcWN4kstB0
2023-11-01,Eldo,Granice,https://youtu.be/gcXcvijDgtc
2023-11-02,Budka Suflera,Bal wszystkich świętych,https://youtu.be/kE87oI5rdew
2023-11-03,Sokół & Marysia & Robert M,Sens życia,https://youtu.be/7oUFuiEleTs
2023-11-04,BOVSKA,Kaktus,https://youtu.be/w6ZPQ_gOdQE
2023-11-05,QBIK,4 pory roku,https://youtu.be/9y8sZ6bZtaA
2023-11-06,Power of Trinity,Ręce,https://youtu.be/5rZIbqXA9hw
2023-11-07,Trzeci wymiar,Murmurando,https://youtu.be/xXtTuCpBv8g
2023-11-08,Kayah & Goran Bregovic,Prawy do lewego,https://youtu.be/cKF2GjRAUtE
2023-11-09,Grupa Operacyjna,Dni naszego życia,https://youtu.be/Dd07nOVCR3o
2023-11-10,Edyta Bartosiewicz,Jenny,https://youtu.be/-jaSOrMCbu4
2023-11-11,Bujko & Wasiak,Pierdole Takie Rządy,https://youtu.be/vbqSAPXJwbw
2023-11-12,Formacja Nieżywych Schabuff,Lato,https://youtu.be/eaHbjnXItXc
2023-11-13,Pih,Śmierć I podatki,https://youtu.be/X7s509jcVLU
2023-11-14,Iza Królak,Jak osłonić serce,https://youtu.be/Ax67ev2Fexc
2023-11-15,Flint,Nie zatrzymasz mnie,https://youtu.be/ligujanRTZ4
2023-11-16,Poparzeni Kawą Trzy,Trzeba się napić,https://youtu.be/PMfQEfhr4FA
2023-11-17,Koni,Hipokryzja,https://youtu.be/OZRdkjz2Z5g
2023-11-18,Roni,Ona by tak chciała,https://youtu.be/LCcIx6bCcr8
2023-11-19,Bajm,Modlitwa O Zloty Deszcz,https://youtu.be/kSGorIC68JI
2023-11-20,"Skorup, Rufijok, Bu, Metrowy",Kosmos,https://youtu.be/FDu7nekRG5c
2023-11-21,Farben Lehre,Złodzieje,https://youtu.be/djosUTpdIGE
2023-11-22,Abradab,Rapowe ziarno,https://youtu.be/OApt5kx1JUU
2023-11-23,Ewelina Lisowska,Nieodporny rozum,https://youtu.be/MEdxTgvVZFk
2023-11-24,QBIK,Taka dama,https://youtu.be/uuaf_FQepE0
2023-11-25,Irek Dudek,Au sza la la la,https://youtu.be/wzDr1F1Y4bk
2023-11-26,Rahim & Pokahontaz,Pompuj pompuj,https://youtu.be/nLEGbZI3Grc
2023-11-27,Plagiat199,Przyjaźń,https://youtu.be/Lp2rzpocrv0
2023-11-28,Liber & Doniu,Skarby,https://youtu.be/TgjTKbLfW2E
2023-11-29,Zabili Mi Żółwia,Jaracz,https://youtu.be/mfr_kg7pVyo
2023-11-30,Jeden Osiem L,Powodzenia,https://youtu.be/eHjlcoeGdrs
2023-12-01,Hey,Muka,https://youtu.be/pfBYE6871Wo
2023-12-02,Sweet Noise & Slums Attack,Jeden taki dzień,https://youtu.be/gvQszSgLEIg
2023-12-03,Coma,Deszczowa piosenka,https://youtu.be/8fxoBlCSRL8
2023-12-04,Sidney Polak,Chomiczówka,https://youtu.be/9kyIhvt_ZU0
2023-12-05,Pajujo,Tramwajowy spektakl,https://youtu.be/7p0Besk8Nno
2023-12-06,Zeus,Strumień,https://youtu.be/vZNyjuNLhIk
2023-12-07,Raggafaya,Tu Jestem!,https://youtu.be/K6JujXyMn-s
2023-12-08,Yugopolis & Maciej Maleńczuk,Ostatnia nocka,https://youtu.be/z-2mO3KTVHg
2023-12-09,Polska Wersja,Warto mówić kocham,https://youtu.be/uU2qvMQc3is
2023-12-10,Agnieszka Chylińska,Winna,https://youtu.be/n5vmk7FBbiI
2023-12-11,Sobel,Impreza,https://youtu.be/Sug433bP-mw
2023-12-12,Sanah,Kamień,https://youtu.be/uLKuf0aML6M
2023-12-13,QBIK,Hajs,https://youtu.be/wytcdOt86jg
2023-12-14,Łydka Grubasa,Chiny,https://youtu.be/lFSkSnu9o0E
2023-12-15,Vienio & Mr. Borman,Samotny człowiek,https://youtu.be/g8KNMaiKSV8
2023-12-16,Enej,Żyj,https://youtu.be/W8ECL4bmubo
2023-12-17,Trzeci wymiar,Zapomnij o tym,https://youtu.be/7EygJFmEGBQ
2023-12-18,Akurat,Wiej Ska,https://youtu.be/dsncl2QlZfw
2023-12-19,52 Dębiec & Ascetoholix,To my polacy,https://youtu.be/XcQdJyo1B-8
2023-12-20,Anita Lipnicka,I Wszystko Się Może Zdarzyć,https://youtu.be/3YxOZQqNYY8
2023-12-21,Power of Trinity,Babilon,https://youtu.be/BDthffpgI74
2023-12-22,Pezet & Kayah,Nisko jest niebo,https://youtu.be/kj3D5V0lPrM
2023-12-23,Lipali,Ponoć,https://youtu.be/idWP5EDz_IY
2023-12-24,Dwie twarze,Fuck,https://youtu.be/BFr3GE0FWqo
2023-12-25,Carrion & Tytus Wojnowicz,Nie bez wiary,https://youtu.be/7BIM9MOq2rk
2023-12-26,Dedis & Kobik,Wyszczekany,https://youtu.be/ZbVChiNObIw
2023-12-27,Farben Lehre,Helikoptery 90',https://youtu.be/v1wdKHbrNOY
2023-12-28,Boomer,Prawda,https://youtu.be/Pvuc1M0ous8
2023-12-29,Varius Manx,Zabij mnie,https://youtu.be/AAXweRAUfPs
2023-12-30,Słoń & Mixer,Gabinet luster,https://youtu.be/cVWIgVl0BD8
2023-12-31,Budka Suflera,Takie tango,https://youtu.be/_GZB_nP4uWE
2024-01-01,GrubSon,Na szczycie,https://youtu.be/6BnT_wkuMBA
2024-01-02,Wilki,Baśka,https://youtu.be/SCIvOsw0O-M
2024-01-03,Slums Attack,Kurewskie życie,https://youtu.be/KP5T7QSQWdY
2024-01-04,Robert Kasprzycki,Mam wszystko jestem niczym,https://youtu.be/Im2ou1qvYvU
2024-01-05,Paktofonika,Priorytety,https://youtu.be/qOMCjDM8cro
2024-01-06,Tomasz Żółtko,Kochaj mnie i dotykaj,https://youtu.be/CL5BgdKIISI
2024-01-07,Zero,Bania u Cygana,https://youtu.be/xLj5xaahdF8
2024-01-08,Jamal,Policeman,https://youtu.be/j8F1ar8KY5I
2024-01-09,52 Dębiec & Owal Emcedwa,Przepraszam,https://youtu.be/hYqUCEmFyYc
2024-01-10,Łąki Łan,Łan Pała,https://youtu.be/buVazED8pEU
2024-01-11,Liroy,Scyzoryk,https://youtu.be/qEUoWPYPxH8
2024-01-12,Reni Jusis,Zakręcona,https://youtu.be/G6m2EyJnXhs
2024-01-13,Trzeci wymiar,Dla mnie masz stajla,https://youtu.be/R8NyWIREQRs
2024-01-14,Iza Królak,Zobaczę Cię wszędzie,https://youtu.be/lh1xjNJUzsc
2024-01-15,Fenomen,Szansa,https://youtu.be/71UKJDRgo8g
2024-01-16,Elektryczne gitary,Kiler,https://youtu.be/Ylr75IqtmV0
2024-01-17,W.E.N.A.,Imperium,https://youtu.be/X-Mr8LbWNRA
2024-01-18,Czarno-Czarni,Nogi,https://youtu.be/gruPiZJHdVg
2024-01-19,Liber & Doniu,Weekend,https://youtu.be/DedsAwYQZz4
2024-01-20,Pudelsi,Wolność słowa,https://youtu.be/opmHOsk3TdU
2024-01-21,Zipera,Bez ciśnień,https://youtu.be/nxLIM93ZJrE
2024-01-22,Łydka Grubasa,Moja fujara,https://youtu.be/Jjls1OCc-fY
2024-01-23,donGURALesko,El Polako,https://youtu.be/M2ApeEx_9e4
2024-01-24,Maanam,Szare miraże,https://youtu.be/2gONxaO72Qo
2024-01-25,Łona & Webber,To nic nie znaczy,https://youtu.be/_6HCOgTc5r4
2024-01-26,Enej,Kortowiada,https://youtu.be/VPZfKH75Qrc
2024-01-27,Trzeci wymiar,Patrz Przed Siebie,https://youtu.be/buEyfjGnf7Q
2024-01-28,Poparzeni Kawą Trzy,Jarowsław Ka,https://youtu.be/hlJjkwhWL44
2024-01-29,Wzgórze Ya-Pa 3,Ja Mam To Co Ty,https://youtu.be/LbqXzgpNp0Y
2024-01-30,Koniec Świata,Jak mnie tu znalazłaś,https://youtu.be/Vn34Gzv1j6Q
2024-01-31,Firma & Hemp Gru,Przeciwko kurestwu i upadkowi zasad,https://youtu.be/ugfsYAiZZZs
2024-02-01,Akurat,Droga Długa Jest,https://youtu.be/yhzpuvoI2eA
2024-02-02,Hukos & Cira & Zeus & Zbuku,"Widzę, spływam",https://youtu.be/q0kNiSk_mWE
2024-02-03,Łzy,Agnieszka,https://youtu.be/Il71VgzEDXQ
2024-02-04,Jeden Osiem L,Czasem tak bywa,https://youtu.be/1JYa0s6bZfk
2024-02-05,Republika,Biała flaga,https://youtu.be/gHUDbpI8Ulk
2024-02-06,Star Guard Muffin,Szanuj to co masz,https://youtu.be/WvGWxFshSYo
2024-02-07,Hemp Gru,Droga,https://youtu.be/oqzTignky58
2024-02-08,Varius Manx,Kilka sekund,https://youtu.be/KeCNyLxCIhw
2024-02-09,Jamal,Bilet,https://youtu.be/YpnWEsd0sVI
2024-02-10,Big Cyc,Co mnie to obchodzi,https://youtu.be/H5MPNgiD6pw
2024-02-11,Zeus,Social menda,https://youtu.be/0pBkxgRiMyc
2024-02-12,Roomieńce,Delikatnie,https://youtu.be/_bI_oiAX_Eg
2024-02-13,Słoń,PSS,https://youtu.be/2H3_MiroxZ8
2024-02-14,ShataQS,Labirynt,https://youtu.be/ayrY1nP_jbQ
2024-02-15,Rozbójnik Alibaba & Pono & Kazan & Laura,W sieci,https://youtu.be/blEqiOdW3eE
2024-02-16,Wojciech Gąsowski,Gdzie się podziały tamte prywatki,https://youtu.be/blkF5F-yRIU
2024-02-17,Grupa Operacyjna,Świr,https://youtu.be/T7kLRr-1u3A
2024-02-18,Lao Che,Urodziła mnie Ciotka,https://youtu.be/I5LsM8h0SoQ
2024-02-19,Poeci Upadłego Pokolenia,2T,https://youtu.be/s8NAUHD9ARY
2024-02-20,Happysad,Jeśli nie rozjadą nas czołgi,https://youtu.be/0KBTv2sO9HE
2024-02-21,RPS,Tylko Peja,https://youtu.be/G843IKu4yrU
2024-02-22,Plagiat199,Dup Dup,https://youtu.be/JheN4Bzz0rM
2024-02-23,Eldo,Życie,https://youtu.be/zfeNW4Fvmws
2024-02-24,Pysh & Żyski,Pokój obok,https://youtu.be/FKroLg3M3jA
2024-02-25,Dwie twarze,Media,https://youtu.be/CpQxVHTOqUQ
2024-02-26,Poparzeni Kawą Trzy,Depresja,https://youtu.be/3wdus64JwP0
2024-02-27,Drużyna Mistrzów,Zastrzyk Motywacji,https://youtu.be/BtctSpCwDdQ
2024-02-28,Farben Lehre,Pozytywka,https://youtu.be/mosNpEwyexA
2024-02-29,BK Fonem,W starym stylu,https://youtu.be/SjG_3GZGjkY
2024-03-01,Ga-Ga Zielone Żabki,Alternatywna droga,https://youtu.be/4N6m1Bm_zEc
2024-03-02,R.A.U.,MELTDOWN,https://youtu.be/RV0gQxKmwXc
2024-03-03,Akurat,Przed Snem - Słoiczek Tiananmen,https://youtu.be/wjYU6ma4-lc
2024-03-04,Rahim & Fokus & Sokół & Pezet,Wiem kim jestem,https://youtu.be/b8LB4JudLbk
2024-03-05,Weronika Łączkowska,Wszystko warte nic,https://youtu.be/zT7Zw_DaZhU
2024-03-06,Dr Misio,Mentolowe papierosy,https://youtu.be/CdX7g3jSbug
2024-03-07,Druga strona lustra,Własną Drogą,https://youtu.be/HQvDO581a8s
2024-03-08,Pierwszy Milion,Wywiad z wampirem,https://youtu.be/e52ryi1HxEs
2024-03-09,Arka Noego,Na drugi brzeg,https://youtu.be/ZCz_K5NUcVw
2024-03-10,L.U.C.,O Witu,https://youtu.be/6Pxbheo7pi0
2024-03-11,Koniec Świata,Jeszcze mamy rewolwery,https://youtu.be/ix4E6nEuUqI
2024-03-12,Trzeci wymiar,Dolina klaunoow,https://youtu.be/F-NUJAktJEs
2024-03-13,Ptaky,Rzeka,https://youtu.be/RIHPiCnl2jc
2024-03-14,VavaMuffin,VavaTo,https://youtu.be/VGDqh5a0KtY
2024-03-15,Sidney Polak,Otwieram wino,https://youtu.be/b16vSZMJ13k
2024-03-16,Brathanki,Czerwone Korale,https://youtu.be/SG8B4DT6ud8
2024-03-17,Ascetoholix,Suczki,https://youtu.be/i3JXMonon94
2024-03-18,Marek Grechuta,"Dni, których nie znamy",https://youtu.be/89GtYMXRAzc
2024-03-19,Mezo & Liber,Aniele,https://youtu.be/3Twa2lBFv80
2024-03-20,Słoń,Wojna Totalna,https://youtu.be/R1m8NOVmalk
2024-03-21,Łydka Grubasa,Afrykaniec,https://youtu.be/XnB-GSgJXCs
2024-03-22,Zeus,Rapier,https://youtu.be/Ah9QRmM_AMo
2024-03-23,Basia Stępniak-Wilk & Grzegorz Turnau,Bombonierka,https://youtu.be/0uuYicF9eUg
2024-03-24,Fenomen,Stówa,https://youtu.be/VLVnPoaXcH0
2024-03-25,Zero,Jedziemy na maksa,https://youtu.be/jh12TF7PD_4
2024-03-26,White House & Kaen,Zrozum,https://youtu.be/8WxP4amaYR0
2024-03-27,Farben Lehre,Miasto końca wieku,https://youtu.be/vpcR_iNhGn8
2024-03-28,Nullizmatyk & Filipek & Gibbs & Ciecierska,Hotel Odyseusz,https://youtu.be/gpnJd1W-iL4
2024-03-29,Andrzej Zaucha,Gumisie,https://youtu.be/fln_ywRfEAU
2024-03-30,Star Guard Muffin,Pół Żartem,https://youtu.be/yK-WwQx8W-8
2024-03-31,Akurat,Tylko najwięksi,https://youtu.be/ukG3GcxH2S8
2024-04-01,Grupa Operacyjna,Bądź Sobą,https://youtu.be/gtIZh5iol_s
2024-04-02,Big Cyc,Atakują klony,https://youtu.be/6mPyVn_tXIg
2024-04-03,Sokół,Z samym sobą,https://youtu.be/FdDwWHlCsNQ
2024-04-04,Sanah,Bajka,https://youtu.be/fwF8bAcTmsc
2024-04-05,Liroy,Scoobiedoo Ya,https://youtu.be/sWoTWA8JN8A
2024-04-06,O.N.A.,Kiedy powiem sobie dość,https://youtu.be/ghh0ttnRdiQ
2024-04-07,Zeus,Mniejsze zło,https://youtu.be/GQpfvAnWzo4
2024-04-08,Jamal,Kiedyś będzie nas więcej,https://youtu.be/vf3EGFPzn9M
2024-04-09,Zbigniew Wodecki,Pszczółka Maja,https://youtu.be/eBMxaOeREHA
2024-04-10,Słoń,WCM3,https://youtu.be/_UECrSgSDO4
2024-04-11,De Press,Bo jo cie kochom,https://youtu.be/TeidgnqxWBA
2024-04-12,Rozbójnik Alibaba & Chada & Kroolik Underwood,Zosia,https://youtu.be/elkn_C_YXDI
2024-04-13,Lao Che,Czarne kowboje,https://youtu.be/HRlyQfvEp2I
2024-04-14,Leniwiec,Heretyk,https://youtu.be/8aRQR35_EfY
2024-04-15,Łona,Rozmowa z cutem,https://youtu.be/KdaEAOEXuJw
2024-04-16,Dezerter,Jezus,https://youtu.be/Pb8CSkN3Ghs
2024-04-17,Michał Bajor,Taka miłość w sam raz,https://youtu.be/zt1W6jE_JYU
2024-04-18,Łydka Grubasa,Pokaż lupę,https://youtu.be/-Cfe9CFBGSo
2024-04-19,Trzeci wymiar,Paranoje,https://youtu.be/priVqgTAqnw
2024-04-20,Arka Noego,Nieidealna,https://youtu.be/C5yKQ5Hji3s
2024-04-21,VavaMuffin,Hooligan Rootz,https://youtu.be/C8bOyCq0OXw
2024-04-22,Dr Misio,Życie,https://youtu.be/AMWKgp36yV8
2024-04-23,Słoń,Krwawy Aperitif,https://youtu.be/JS44dAEl-hA
2024-04-24,Akurat,Ślepe losy,https://youtu.be/c-O7COQLRY4
2024-04-25,L.U.C & Fokus & Rahim,Co z tą Polską?,https://youtu.be/mdWkDxPNv00
2024-04-26,Trzeci wymiar,Uważaj czego sobie życzysz,https://youtu.be/zpNIrdUkEx8
2024-04-27,Zeus,Kamienie i mury,https://youtu.be/jT8BzhCe9ME
